"Name","Tag","Tp","Fp","Fn","Precision","Recall","F1"
"ner_clinical","I-TREATMENT",3390,278,419,0.92420936,0.88999736,0.90678084
"ner_clinical","I-PROBLEM",7890,749,656,0.91330016,0.92323893,0.9182427
"ner_clinical","B-PROBLEM",5492,453,421,0.92380154,0.92880094,0.9262945
"ner_clinical","I-TEST",3355,215,315,0.9397759,0.91416895,0.9267956
"ner_clinical","B-TEST",3378,219,299,0.93911594,0.9186837,0.92878747
"ner_clinical","B-TREATMENT",3812,314,378,0.92389727,0.9097852,0.9167869
